PRAGMA foreign_keys = ON;

DELETE FROM guide_places;
DELETE FROM city_top_places;
DELETE FROM live_locations;
DELETE FROM city_maps;
DELETE FROM messages;
DELETE FROM conversations;
DELETE FROM posts;
DELETE FROM guides;
DELETE FROM friendships;
DELETE FROM users;

INSERT INTO users (id, name, city, bio, avatar, online, is_current) VALUES
  ('u_me', 'You', 'Jaipur', 'Traveling slow across India. Chai, forts, and conversations.', 'YO', 0, 1),
  ('u1', 'Aarav Sharma', 'Jaipur', 'Born in the Pink City. Knows every kachori worth queuing for.', 'AS', 1, 0),
  ('u2', 'Priya Iyer', 'Jaipur', 'Block-print designer in Bagru. Loves dawn at Nahargarh.', 'PI', 1, 0),
  ('u3', 'Karthik Menon', 'Bengaluru', 'Coffee snob. Knows every filter kaapi spot in VV Puram.', 'KM', 0, 0),
  ('u4', 'Meera Nair', 'Jaipur', 'Architect. Tile and jharokha spotter.', 'MN', 0, 0),
  ('u5', 'Rohan Kapoor', 'Mumbai', 'Street food cartographer from Bandra to Mohammed Ali Road.', 'RK', 1, 0),
  ('u6', 'Ananya Das', 'Jaipur', 'Bazaar-hopper. Bapu Bazaar to Johari, blindfolded.', 'AD', 0, 0),
  ('u7', 'Ishaan Verma', 'Delhi', 'Old Delhi food walks. Karim''s at midnight.', 'IV', 0, 0),
  ('u8', 'Nikhil D''Souza', 'Goa', 'Panaji-born photographer. Knows quiet ferries, forts, and fish thalis.', 'ND', 1, 0),
  ('u9', 'Riya Banerjee', 'Varanasi', 'Classical vocalist who maps the ghats by raga and sunrise light.', 'RB', 0, 0),
  ('u10', 'Farah Rahman', 'Kochi', 'Fort Kochi curator. Spice lanes, ferries, and heritage walks are her thing.', 'FR', 1, 0),
  ('u11', 'Devika Rathore', 'Jaipur', 'Museum nerd with strong opinions on early starts and sunset forts.', 'DR', 1, 0),
  ('u12', 'Kabir Jain', 'Jaipur', 'Food-first Jaipur planner who still makes time for palaces.', 'KJ', 0, 0),
  ('u13', 'Neha Rao', 'Bengaluru', 'Weekend walk leader for parks, markets, and old Bangalore stories.', 'NR', 1, 0),
  ('u14', 'Vikram Hegde', 'Bengaluru', 'History teacher who knows the city by Metro stops and darshinis.', 'VH', 0, 0),
  ('u15', 'Tara Krishnan', 'Bengaluru', 'Bookstore hopper and garden walker around central Bengaluru.', 'TK', 1, 0),
  ('u16', 'Dev Malhotra', 'Mumbai', 'South Bombay history walks with vada pav breaks built in.', 'DM', 0, 0),
  ('u17', 'Sana Merchant', 'Mumbai', 'Gallery, sea-face, and market-route specialist.', 'SM', 1, 0),
  ('u18', 'Ayaan Contractor', 'Mumbai', 'Knows ferry days, old stations, and where to pause for chai.', 'AC', 0, 0),
  ('u19', 'Sana Qureshi', 'Delhi', 'Heritage researcher who threads ruins, markets, and metro shortcuts.', 'SQ', 1, 0),
  ('u20', 'Kabir Bedi', 'Delhi', 'Monument maximalist with a soft spot for gardens and night lights.', 'KB', 0, 0),
  ('u21', 'Noor Ali', 'Delhi', 'Old Delhi lane expert and calm route-maker.', 'NA', 1, 0),
  ('u22', 'Maya Fernandes', 'Goa', 'Old Goa and beach-day planner who avoids rushed transfers.', 'MF', 0, 0),
  ('u23', 'Arjun Naik', 'Goa', 'Market, fort, and island-hopping local from North Goa.', 'AN', 1, 0),
  ('u24', 'Leela Pinto', 'Goa', 'South Goa slow-travel guide with ferry timing instincts.', 'LP', 0, 0),
  ('u25', 'Sahil Mishra', 'Varanasi', 'Boatman family roots, temple-lane patience, and sunrise timing.', 'SM', 1, 0),
  ('u26', 'Meghna Tiwari', 'Varanasi', 'Silk-market regular and ghat-walk storyteller.', 'MT', 0, 0),
  ('u27', 'Om Prakash', 'Varanasi', 'Sarnath and old-city guide who keeps afternoons realistic.', 'OP', 1, 0),
  ('u28', 'Anjali Menon', 'Kochi', 'Fort Kochi walker with a ferry-first mindset.', 'AM', 0, 0),
  ('u29', 'Joseph Varghese', 'Kochi', 'Museum, synagogue, and backwater-route planner.', 'JV', 1, 0),
  ('u30', 'Mira Thomas', 'Kochi', 'Beach, palace, and island-day local who loves slow evenings.', 'MT', 0, 0);

INSERT INTO friendships (user_id, friend_id, status) VALUES
  ('u_me', 'u1', 'accepted'),
  ('u_me', 'u2', 'accepted'),
  ('u_me', 'u4', 'accepted'),
  ('u_me', 'u6', 'accepted'),
  ('u_me', 'u3', 'accepted'),
  ('u_me', 'u5', 'accepted'),
  ('u_me', 'u7', 'accepted'),
  ('u_me', 'u8', 'accepted'),
  ('u_me', 'u9', 'accepted'),
  ('u_me', 'u10', 'accepted'),
  ('u_me', 'u11', 'accepted'),
  ('u_me', 'u12', 'accepted'),
  ('u_me', 'u13', 'accepted'),
  ('u_me', 'u14', 'accepted'),
  ('u_me', 'u15', 'accepted'),
  ('u_me', 'u16', 'accepted'),
  ('u_me', 'u17', 'accepted'),
  ('u_me', 'u18', 'accepted'),
  ('u_me', 'u19', 'accepted'),
  ('u_me', 'u20', 'accepted'),
  ('u_me', 'u21', 'accepted'),
  ('u_me', 'u22', 'accepted'),
  ('u_me', 'u23', 'accepted'),
  ('u_me', 'u24', 'accepted'),
  ('u_me', 'u25', 'accepted'),
  ('u_me', 'u26', 'accepted'),
  ('u_me', 'u27', 'accepted'),
  ('u_me', 'u28', 'accepted'),
  ('u_me', 'u29', 'accepted'),
  ('u_me', 'u30', 'accepted');

INSERT INTO guides (
  id,
  author_id,
  city,
  title,
  must_visit_json,
  hidden_spots_json,
  best_timings,
  dos_json,
  donts_json,
  tips_json,
  updated_at
) VALUES
  (
    'g1',
    'u1',
    'Jaipur',
    'Aarav''s Jaipur — beyond the tourist circuit',
    '["Nahargarh Fort at sunrise (not sunset — fewer people)","Rawat Mishthan Bhandar for pyaaz kachori, before 10am","Patrika Gate at golden hour, but enter from Jawahar Circle side"]',
    '["Panna Meena ka Kund stepwell — quiet at 8am","Anokhi Museum of Hand Printing in Amer","Tapri Central rooftop at C-Scheme for monsoon chai"]',
    'October to March. Avoid May–June (45°C+). Monsoon (July–Sept) is dramatic but humid.',
    '["Bargain in Bapu Bazaar — start at 40% of quoted price","Carry small change for autos and tea stalls","Cover shoulders when entering temples and forts"]',
    '["Don''t book elephant rides at Amer — walk up instead","Don''t accept ''free'' city tours from hotel touts","Don''t trust the first gem dealer in Johari Bazaar"]',
    '["Composite ticket (₹400) covers Amer, Nahargarh, Jantar Mantar, Hawa Mahal — buy at Amer first","Use the Jaipur Metro for Chandpole to Mansarovar — beats traffic"]',
    '2 days ago'
  ),
  (
    'g2',
    'u2',
    'Jaipur',
    'Priya''s craft trail — Bagru to Sanganer',
    '["Bagru village block-print workshops (book ahead)","Sanganer paper-making units near the airport","Anokhi flagship at C-Scheme to see finished work"]',
    '["Studio Bagru — Vijendra ji''s family workshop","Jaipur Rugs flagship in Malviya Nagar"]',
    'November to February. Workshops are closed on Sundays.',
    '["Ask before photographing artisans","Buy directly from karigars, not middlemen shops"]',
    '["Don''t haggle aggressively at workshops — these are fair prices","Don''t believe ''100% natural dye'' tags without asking"]',
    '["Hire a Hindi-speaking driver for Bagru — most karigars don''t speak English"]',
    '5 hours ago'
  ),
  (
    'g3',
    'u3',
    'Bengaluru',
    'Karthik''s filter-kaapi crawl',
    '["Vidyarthi Bhavan in Basavanagudi for masala dosa (cash only)","CTR (Central Tiffin Room) in Malleshwaram for benne masala dosa","Brahmin''s Coffee Bar — chutney recipe is a state secret"]',
    '["Veena Stores in Malleshwaram for idli at 7am","Airlines Hotel — drive-in for late-night dosa"]',
    'November to February. Avoid Outer Ring Road during weekday peak (8–11am, 6–9pm).',
    '["Order ''by-two coffee'' to share — that''s a Bangalore thing","Use Namma Metro to skip traffic"]',
    '["Don''t drive yourself — Ola/Uber or auto is faster","Don''t expect anything to open before 7am except darshinis"]',
    '["Cubbon Park is closed to vehicles on Sundays — best time to walk it"]',
    '1 week ago'
  ),
  (
    'g4',
    'u5',
    'Mumbai',
    'Rohan''s classic Mumbai first-timer loop',
    '["Gateway of India before ferry crowds","Marine Drive at sunset","Chhatrapati Shivaji Maharaj Terminus after blue hour"]',
    '["Kala Ghoda galleries between museum stops","Bandra Bandstand for sea breeze","Colaba Causeway for shopping and cafes"]',
    'November to February. Start early if you want Elephanta Caves because ferries shape the day.',
    '["Keep Colaba and Fort sights in one cluster","Use cabs for late evenings","Carry water on humid afternoons"]',
    '["Don''t overpack north and south Mumbai into one day","Don''t miss ferry return timings for Elephanta"]',
    '["Gateway of India and Marine Drive are the two anchor stops I suggest to everyone","Keep Kala Ghoda for cafes, galleries, and rain cover"]',
    '3 days ago'
  ),
  (
    'g5',
    'u7',
    'Delhi',
    'Ishaan''s layered Delhi heritage loop',
    '["Red Fort and Chandni Chowk as one Old Delhi morning","Qutub Minar near golden hour","Humayun''s Tomb before the afternoon heat"]',
    '["Jama Masjid from the steps at dusk","Lodhi Garden for a calm history walk","India Gate after sunset"]',
    'October to March. Winter mornings can be foggy, so keep monuments flexible.',
    '["Use the Metro for long jumps across Delhi","Cover shoulders at mosques and temples","Cluster Old Delhi on foot or cycle-rickshaw"]',
    '["Don''t drive into Chandni Chowk","Don''t leave Qutub and Red Fort for the same half day"]',
    '["Red Fort and Qutub Minar are the two big anchors most visitors should not skip","Book monument tickets online when possible"]',
    '4 days ago'
  ),
  (
    'g6',
    'u8',
    'Goa',
    'Nikhil''s slow Goa beyond the beach',
    '["Fontainhas in the morning light","Basilica of Bom Jesus before tour buses","Fort Aguada for sea-facing history"]',
    '["Divar Island by ferry","Chapora Fort at sunset","Mapusa Market on a Friday morning"]',
    'November to February. Post-monsoon is green and beautiful, but waterfall access changes with weather.',
    '["Rent a scooter only if you are confident on narrow roads","Keep Old Goa and Panaji together","Leave beach evenings unhurried"]',
    '["Don''t spend the whole trip commuting north-south","Don''t treat every beach as interchangeable"]',
    '["Fontainhas and Basilica of Bom Jesus are the two places I suggest to every first-time visitor","Check ferry timings for Divar Island"]',
    '6 hours ago'
  ),
  (
    'g7',
    'u9',
    'Varanasi',
    'Riya''s sunrise-to-aarti Varanasi',
    '["Dashashwamedh Ghat for evening Ganga Aarti","Assi Ghat at sunrise","Kashi Vishwanath Temple with enough buffer time"]',
    '["Sarnath for a quiet half-day","Godowlia Market for sweets and silk","Ramnagar Fort across the river"]',
    'October to March. Summers are intense; start before sunrise and rest in the afternoon.',
    '["Walk the ghats slowly","Use a local guide for temple lanes","Book sunrise boats from a trusted operator"]',
    '["Don''t photograph cremation rituals","Don''t rush temple security queues","Don''t bring bulky bags into crowded lanes"]',
    '["Dashashwamedh Ghat and Kashi Vishwanath Temple are the two anchors I suggest to everyone","Keep Sarnath separate from old-city lane walks"]',
    '1 day ago'
  ),
  (
    'g8',
    'u10',
    'Kochi',
    'Farah''s Fort Kochi and backwater day',
    '["Fort Kochi heritage lanes","Chinese Fishing Nets at sunset","Mattancherry Palace before lunch"]',
    '["Jew Town spice shops","Paradesi Synagogue when open","Marine Drive for evening ferry views"]',
    'October to February. Monsoon is moody and photogenic, but keep ferry delays in mind.',
    '["Use ferries between islands when practical","Check synagogue closing days","Start Fort Kochi walks before the heat"]',
    '["Don''t leave Cherai Beach and Fort Kochi for the same short evening","Don''t skip mosquito repellent near backwaters"]',
    '["Fort Kochi and Chinese Fishing Nets are the two places I suggest to every first-time visitor","Keep Mattancherry and Jew Town in one walk"]',
    '2 days ago'
  ),
  ('g9','u11','Jaipur','Devika''s palace-and-museum Jaipur','["Amber Fort first thing","City Palace before lunch","Albert Hall Museum after dusk"]','["Jal Mahal at blue hour","Jantar Mantar with a guide","Panna Meena ka Kund before crowds"]','October to March. Start forts early and keep museums for harsher light.','["Buy composite tickets where useful","Carry a scarf for temples","Plan Amer as a half-day"]','["Don''t leave Amber Fort for noon","Don''t rush City Palace museums"]','["Amber Fort and Hawa Mahal are the two classics visitors expect","Albert Hall Museum is best after the lights come on"]','8 hours ago'),
  ('g10','u12','Jaipur','Kabir''s food-friendly Jaipur icons','["Hawa Mahal from the street at sunrise","Bapu Bazaar for shopping","Nahargarh Fort near sunset"]','["Patrika Gate for quick photos","Jal Mahal for a lakeside pause","City Palace if you want royal interiors"]','November to February. Keep market walks for late afternoon.','["Eat before long fort walks","Keep cash for markets","Use autos inside the old city"]','["Don''t over-negotiate with small vendors","Don''t combine too many far-flung stops"]','["Hawa Mahal and Amber Fort are the easy anchors","Bapu Bazaar works well after monuments"]','10 hours ago'),
  ('g11','u13','Bengaluru','Neha''s parks and old Bangalore','["Cubbon Park before traffic wakes up","Lalbagh Botanical Garden for a long morning walk","KR Market for flowers before 7am"]','["Bull Temple with Basavanagudi snacks","Church Street after sundown","Vidhana Soudha when it is lit"]','November to February. Avoid weekday peak traffic if you are crossing town.','["Use the Metro for north-south jumps","Start market visits early","Keep rain cover from May to October"]','["Don''t schedule Nandi Hills after a late night","Don''t underestimate airport travel time"]','["Cubbon Park and Lalbagh are the two places I suggest to everyone","Old Bangalore works best as a slow morning"]','12 hours ago'),
  ('g12','u14','Bengaluru','Vikram''s monuments and markets route','["Bangalore Palace for royal nostalgia","Vidhana Soudha from outside","Tipu Sultan''s Summer Palace for old Mysore history"]','["KR Market at dawn","Bull Temple in Basavanagudi","Commercial Street for a quick shopping pass"]','November to February. Keep central monuments together and avoid long crosstown hops.','["Check palace hours","Use Metro where possible","Carry cash for market snacks"]','["Don''t cross town during peak hours","Don''t expect KR Market to be calm"]','["Cubbon Park and Lalbagh are the easy green anchors","Vidhana Soudha is best as a photo stop"]','2 days ago'),
  ('g13','u15','Bengaluru','Tara''s cafe-and-garden Bengaluru','["Lalbagh Botanical Garden in the morning","Cubbon Park for reading under trees","Church Street for cafes and bookstores"]','["Commercial Street for shopping","Bangalore Palace if you want interiors","Nandi Hills for a long sunrise detour"]','Cooler months are easiest. Keep Nandi Hills as a separate early start.','["Pair parks with nearby cafes","Carry an umbrella in monsoon","Book Nandi Hills entry if needed"]','["Don''t treat Nandi Hills as a quick city stop","Don''t drive into central nightlife if you can Metro"]','["Cubbon Park and Lalbagh are non-negotiable for first timers","Church Street is best in the evening"]','3 days ago'),
  ('g14','u16','Mumbai','Dev''s south Mumbai history walk','["Gateway of India before ferry crowds","Chhatrapati Shivaji Maharaj Terminus for architecture","Kala Ghoda for galleries"]','["Marine Drive at sunset","Colaba Causeway for shopping","Elephanta Caves if ferries are running"]','November to February. Start early for ferries and heritage walks.','["Keep Fort and Colaba together","Wear walking shoes","Watch ferry timings"]','["Don''t leave Elephanta too late","Don''t cross the city at peak without buffer"]','["Gateway of India and Marine Drive are the two Mumbai anchors","CST rewards slow looking"]','1 day ago'),
  ('g15','u17','Mumbai','Sana''s sea-face and gallery Mumbai','["Marine Drive at sunset","Gateway of India at golden hour","Kala Ghoda for art stops"]','["Bandra Bandstand for a breezy evening","Juhu Beach for snacks","Colaba Causeway for browsing"]','October to March. Humidity is kinder and evenings are pleasant.','["Cluster south Mumbai first","Keep Bandra for another evening","Carry a light bag"]','["Don''t do Juhu and Colaba back-to-back in traffic","Don''t skip hydration"]','["Marine Drive and Gateway of India are the shared essentials","Kala Ghoda is a good rain-proof pocket"]','2 days ago'),
  ('g16','u18','Mumbai','Ayaan''s ferry-and-station Mumbai','["Gateway of India as the ferry base","Elephanta Caves for a half-day","Chhatrapati Shivaji Maharaj Terminus after return"]','["Marine Drive for decompression","Haji Ali Dargah at low tide","Sanjay Gandhi National Park for a different Mumbai"]','Winter is best. Check sea conditions before planning ferries.','["Start ferry days early","Check tide windows for Haji Ali","Keep one flexible backup"]','["Don''t assume ferries run all day","Don''t add too many distant stops"]','["Gateway and Marine Drive are the easy common picks","Elephanta needs its own buffer"]','4 days ago'),
  ('g17','u19','Delhi','Sana''s garden-tomb Delhi','["Humayun''s Tomb before heat","Lodhi Garden for a calm walk","India Gate in the evening"]','["Qutub Minar near golden hour","Lotus Temple for quiet","Hauz Khas Village when you want ruins and cafes"]','October to March. Winter light is beautiful after fog lifts.','["Use Metro between clusters","Book monument tickets online","Keep south Delhi together"]','["Don''t combine Old Delhi and Qutub in one short half-day","Don''t drive at peak"]','["Qutub Minar and Humayun''s Tomb are the strongest monument pair","India Gate is best after sunset"]','1 day ago'),
  ('g18','u20','Delhi','Kabir''s big-monument Delhi','["Red Fort for scale","Qutub Minar for height","Akshardham for detail"]','["India Gate at night","Lotus Temple for silence","Chandni Chowk for food lanes"]','November to February is best, but check air quality.','["Keep Old Delhi on foot","Respect temple security rules","Carry ID"]','["Don''t take large bags to temples","Don''t drive into Chandni Chowk"]','["Red Fort and Qutub Minar are the obvious shared classics","Chandni Chowk makes Old Delhi feel alive"]','2 days ago'),
  ('g19','u21','Delhi','Noor''s Old Delhi plus icons','["Red Fort and Chandni Chowk together","Jama Masjid near dusk","India Gate after dark"]','["Humayun''s Tomb on a slower morning","Lodhi Garden before breakfast","Qutub Minar as a separate south Delhi stop"]','October to March. Begin Old Delhi before lanes get packed.','["Use cycle-rickshaws for short Old Delhi hops","Dress modestly at Jama Masjid","Keep water handy"]','["Don''t carry bulky bags in the lanes","Don''t rush food stops"]','["Red Fort and Chandni Chowk are my common Old Delhi pair","Qutub Minar deserves its own window"]','5 hours ago'),
  ('g20','u22','Goa','Maya''s Old Goa and beach balance','["Fontainhas for morning lanes","Basilica of Bom Jesus for Old Goa","Fort Aguada for sea views"]','["Anjuna Beach near sunset","Chapora Fort for wind and views","Reis Magos Fort for fewer crowds"]','November to February. Keep beach evenings loose.','["Separate Old Goa and far beaches","Wear sun protection","Check church timings"]','["Don''t rush north and south Goa in one day","Don''t skip hydration"]','["Fontainhas and Basilica are the shared cultural anchors","Fort Aguada is a reliable coastal stop"]','2 days ago'),
  ('g21','u23','Goa','Arjun''s markets and forts Goa','["Fort Aguada for first views","Chapora Fort at sunset","Mapusa Market for local life"]','["Fontainhas before lunch","Basilica of Bom Jesus if you want history","Divar Island for a ferry pause"]','Friday is great for Mapusa Market. Winter is easiest.','["Carry cash for markets","Plan ferry hops in daylight","Keep a relaxed pace"]','["Don''t drive after late beach nights","Don''t underestimate distances"]','["Fontainhas and Fort Aguada are the common first-timer picks","Mapusa gives the trip local texture"]','4 days ago'),
  ('g22','u24','Goa','Leela''s south-and-slow Goa','["Palolem Beach for a calmer beach day","Dudhsagar Falls after monsoon","Basilica of Bom Jesus for heritage"]','["Divar Island for quiet roads","Fontainhas for color","Reis Magos Fort for river views"]','Post-monsoon for waterfalls, winter for beach days.','["Keep South Goa as its own day","Check waterfall access","Carry swimwear and a dry bag"]','["Don''t squeeze Palolem into a North Goa day","Don''t rely on last-minute transport late night"]','["Fontainhas and Basilica remain the common cultural anchors","Palolem is worth the distance if you slow down"]','6 days ago'),
  ('g23','u25','Varanasi','Sahil''s boat-and-temple Varanasi','["Dashashwamedh Ghat for evening aarti","Assi Ghat at sunrise","Kashi Vishwanath Temple with buffer"]','["Ganga Boat Ride before dawn","Manikarnika Ghat respectfully","Godowlia Market for snacks"]','October to March. Sunrise starts are worth it.','["Book boats through trusted people","Carry minimal bags","Respect cremation areas"]','["Don''t photograph rituals without permission","Don''t rush temple security"]','["Dashashwamedh and Kashi Vishwanath are the two common anchors","Assi Ghat is best early"]','9 hours ago'),
  ('g24','u26','Varanasi','Meghna''s markets and ghats Varanasi','["Assi Ghat for a gentler start","Dashashwamedh Ghat for drama","Godowlia Market for sweets and silk"]','["Kashi Vishwanath Temple if you plan ahead","Banaras Hindu University for calm","Tulsi Manas Temple for devotional stories"]','Winter mornings are lovely, summers need afternoon breaks.','["Walk short sections of the ghats","Carry cash in markets","Keep temple visits flexible"]','["Don''t overfill a single old-city day","Don''t bring bulky backpacks"]','["Dashashwamedh and Kashi Vishwanath are common musts","Godowlia is the practical market stop"]','2 days ago'),
  ('g25','u27','Varanasi','Om''s Sarnath and sacred city route','["Sarnath as a peaceful half-day","Kashi Vishwanath Temple with patience","Dashashwamedh Ghat for aarti"]','["Ramnagar Fort across the river","Ganga Boat Ride at sunrise","Manikarnika Ghat from a respectful distance"]','October to March. Keep Sarnath separate from old-city walks.','["Hire a guide for Sarnath context","Leave buffer for traffic","Use boats when river conditions are good"]','["Don''t combine every ghat into one checklist","Don''t photograph cremation rituals"]','["Kashi Vishwanath and Dashashwamedh are the common spiritual anchors","Sarnath is worth slowing down for"]','3 days ago'),
  ('g26','u28','Kochi','Anjali''s ferry-first Kochi','["Fort Kochi lanes early","Chinese Fishing Nets at sunset","Mattancherry Palace before lunch"]','["Jew Town and Paradesi Synagogue together","Marine Drive by evening","Bolgatty Palace for island views"]','October to February. Ferries make the route more fun when weather is calm.','["Check ferry timings","Start walking before heat","Keep synagogue hours in mind"]','["Don''t leave Mattancherry too late","Don''t skip rain cover in monsoon"]','["Fort Kochi and Chinese Fishing Nets are the common anchors","Mattancherry and Jew Town pair naturally"]','1 day ago'),
  ('g27','u29','Kochi','Joseph''s museum-and-spice Kochi','["Mattancherry Palace for murals","Jew Town for spice shops","Paradesi Synagogue when open"]','["Fort Kochi cafes after walking","Kerala Folklore Museum for craft depth","Chinese Fishing Nets at sunset"]','October to February. Museum days work well even with light rain.','["Check weekly closures","Carry water for walks","Use ferries or autos by cluster"]','["Don''t assume synagogue is open daily","Don''t rush the murals"]','["Fort Kochi and Chinese Fishing Nets stay the shared first-timer pair","Mattancherry is the best culture cluster"]','2 days ago'),
  ('g28','u30','Kochi','Mira''s beach-and-backwater Kochi','["Fort Kochi for the first walk","Chinese Fishing Nets for sunset","Cherai Beach for a relaxed beach day"]','["Kumbalangi Village for backwater life","Marine Drive for city lights","Bolgatty Palace for a quiet stop"]','Winter is easiest. Keep Cherai and Kumbalangi as slower outings.','["Leave beach travel buffer","Carry mosquito repellent near backwaters","Keep evenings loose"]','["Don''t put Cherai and Mattancherry into a rushed half-day","Don''t ignore ferry/weather delays"]','["Fort Kochi and Chinese Fishing Nets are common essentials","Kumbalangi is best when you have time"]','4 days ago'
  );

INSERT INTO posts (id, author_id, city, area, body, tag, created_at) VALUES
  ('p1', 'u2', 'Jaipur', 'Nahargarh Fort', 'Sunset right now is unreal — pink sky over the whole city. Skip Hawa Mahal, come here.', 'tip', '12 min ago'),
  ('p2', 'u1', 'Jaipur', 'Hawa Mahal', 'Pickpockets active near Hawa Mahal entrance — keep phones zipped. Tourist police on duty though.', 'warning', '38 min ago'),
  ('p3', 'u4', 'Jaipur', 'Amer', 'Amer Fort light & sound show cancelled tonight due to rain. Refunds at counter.', 'event', '1 hr ago'),
  ('p4', 'u6', 'Jaipur', 'C-Scheme', 'Sudden pre-monsoon shower in C-Scheme. Tapri Central rooftop is the move.', 'weather', '2 hr ago'),
  ('p5', 'u1', 'Jaipur', 'JLN Marg', 'Wedding procession blocking JLN Marg near World Trade Park till ~9pm. Take Tonk Road instead.', 'traffic', '3 hr ago'),
  ('p6', 'u5', 'Mumbai', 'Mohammed Ali Road', 'Ramzan-style late-night kebabs at Bademiya — short queue right now.', 'tip', '4 hr ago'),
  ('p7', 'u7', 'Delhi', 'Chandni Chowk', 'Metro Yellow Line delays — Chawri Bazaar to Kashmere Gate running 15min late.', 'traffic', '20 min ago');

INSERT INTO conversations (id, user_id, friend_id, last_message, last_message_at, unread_count) VALUES
  ('c1', 'u_me', 'u1', 'Try LMB on MI Road, ground floor only — upstairs is overpriced 🙌', '9:41', 2),
  ('c2', 'u_me', 'u2', 'Workshop visit at 11am tomorrow if you''re free', 'Yesterday', 0),
  ('c3', 'u_me', 'u4', 'Sent you the haveli walking route', 'Mon', 0),
  ('c4', 'u_me', 'u6', 'Bapu Bazaar at 7pm. Meet at the gate?', 'Sun', 0);

INSERT INTO messages (id, from_id, to_id, body, sent_at, context_place) VALUES
  ('m1', 'u1', 'u_me', 'Hey! Saw you''re in Jaipur — staying long?', '9:30', NULL),
  ('m2', 'u_me', 'u1', 'Just five days. Where should I get dinner tonight?', '9:32', NULL),
  ('m3', 'u1', 'u_me', 'Skip Chokhi Dhani if it''s just one night — too touristy. Try LMB on MI Road for proper Rajasthani thali.', '9:40', 'Laxmi Misthan Bhandar (LMB)'),
  ('m4', 'u1', 'u_me', 'Try LMB on MI Road, ground floor only — upstairs is overpriced 🙌', '9:41', NULL),
  ('m5', 'u2', 'u_me', 'Workshop visit at 11am tomorrow if you''re free', 'Yesterday', NULL),
  ('m6', 'u4', 'u_me', 'Sent you the haveli walking route', 'Mon', NULL),
  ('m7', 'u6', 'u_me', 'Bapu Bazaar at 7pm. Meet at the gate?', 'Sun', NULL);

INSERT INTO city_maps (city, center_lat, center_lng, west, south, east, north) VALUES
  ('Jaipur', 26.9124, 75.7873, 75.7309, 26.8757, 75.8892, 27.0098),
  ('Bengaluru', 12.9716, 77.5946, 77.517, 12.914, 77.662, 13.047),
  ('Mumbai', 19.076, 72.8777, 72.78, 18.955, 72.94, 19.17),
  ('Delhi', 28.6139, 77.209, 77.155, 28.585, 77.263, 28.681),
  ('Goa', 15.4909, 73.8278, 73.7, 15.38, 73.95, 15.58),
  ('Varanasi', 25.3176, 82.9739, 82.91, 25.25, 83.04, 25.36),
  ('Kochi', 9.9312, 76.2673, 76.21, 9.89, 76.34, 10);

INSERT INTO live_locations (user_id, city, place, lat, lng) VALUES
  ('u1', 'Jaipur', 'Hawa Mahal', 26.9239, 75.8267),
  ('u2', 'Jaipur', 'Nahargarh Fort', 26.9368, 75.8155),
  ('u4', 'Jaipur', 'Amer Fort', 26.9855, 75.8513),
  ('u6', 'Jaipur', 'Bapu Bazaar', 26.9164, 75.8198),
  ('u3', 'Bengaluru', 'Malleshwaram', 13.0031, 77.5643),
  ('u5', 'Mumbai', 'Bandra', 19.0596, 72.8295),
  ('u7', 'Delhi', 'Chandni Chowk', 28.6506, 77.2303);

INSERT INTO guide_places (id, guide_id, name, city, lat, lng) VALUES
  ('gp1', 'g1', 'Amber Fort', 'Jaipur', 26.9855, 75.8513),
  ('gp2', 'g1', 'Hawa Mahal', 'Jaipur', 26.9239, 75.8267),
  ('gp3', 'g1', 'Nahargarh Fort', 'Jaipur', 26.9368, 75.8155),
  ('gp4', 'g1', 'Patrika Gate', 'Jaipur', 26.8412, 75.8001),
  ('gp5', 'g1', 'City Palace', 'Jaipur', 26.9258, 75.8237),
  ('gp6', 'g1', 'Panna Meena ka Kund', 'Jaipur', 26.9848, 75.8508),
  ('gp7', 'g2', 'Hawa Mahal', 'Jaipur', 26.9239, 75.8267),
  ('gp8', 'g2', 'Amber Fort', 'Jaipur', 26.9855, 75.8513),
  ('gp9', 'g2', 'Bapu Bazaar', 'Jaipur', 26.9164, 75.8198),
  ('gp10', 'g2', 'Panna Meena ka Kund', 'Jaipur', 26.9848, 75.8508),
  ('gp11', 'g2', 'Jantar Mantar', 'Jaipur', 26.9248, 75.8246),
  ('gp12', 'g2', 'Patrika Gate', 'Jaipur', 26.8412, 75.8001),
  ('gp13', 'g3', 'Cubbon Park', 'Bengaluru', 12.9763, 77.5929),
  ('gp14', 'g3', 'Lalbagh Botanical Garden', 'Bengaluru', 12.9507, 77.5848),
  ('gp15', 'g3', 'KR Market', 'Bengaluru', 12.9656, 77.5769),
  ('gp16', 'g3', 'Church Street', 'Bengaluru', 12.9752, 77.6052),
  ('gp17', 'g3', 'Vidhana Soudha', 'Bengaluru', 12.9796, 77.5907),
  ('gp18', 'g3', 'Bull Temple', 'Bengaluru', 12.9439, 77.5687),
  ('gp19', 'g4', 'Gateway of India', 'Mumbai', 18.922, 72.8347),
  ('gp20', 'g4', 'Marine Drive', 'Mumbai', 18.9432, 72.8238),
  ('gp21', 'g4', 'Chhatrapati Shivaji Maharaj Terminus', 'Mumbai', 18.9402, 72.8356),
  ('gp22', 'g4', 'Elephanta Caves', 'Mumbai', 18.9633, 72.9315),
  ('gp23', 'g4', 'Colaba Causeway', 'Mumbai', 18.9153, 72.8266),
  ('gp24', 'g4', 'Kala Ghoda', 'Mumbai', 18.9275, 72.8315),
  ('gp25', 'g5', 'Red Fort', 'Delhi', 28.6562, 77.241),
  ('gp26', 'g5', 'Qutub Minar', 'Delhi', 28.5245, 77.1855),
  ('gp27', 'g5', 'Humayun''s Tomb', 'Delhi', 28.5933, 77.2507),
  ('gp28', 'g5', 'India Gate', 'Delhi', 28.6129, 77.2295),
  ('gp29', 'g5', 'Chandni Chowk', 'Delhi', 28.6506, 77.2303),
  ('gp30', 'g5', 'Jama Masjid', 'Delhi', 28.6507, 77.2334),
  ('gp31', 'g6', 'Fontainhas', 'Goa', 15.4967, 73.8294),
  ('gp32', 'g6', 'Basilica of Bom Jesus', 'Goa', 15.5009, 73.9116),
  ('gp33', 'g6', 'Fort Aguada', 'Goa', 15.492, 73.7732),
  ('gp34', 'g6', 'Dudhsagar Falls', 'Goa', 15.3144, 74.3143),
  ('gp35', 'g6', 'Chapora Fort', 'Goa', 15.6044, 73.7367),
  ('gp36', 'g6', 'Divar Island', 'Goa', 15.5369, 73.9019),
  ('gp37', 'g7', 'Dashashwamedh Ghat', 'Varanasi', 25.306, 83.0104),
  ('gp38', 'g7', 'Assi Ghat', 'Varanasi', 25.2887, 83.0061),
  ('gp39', 'g7', 'Kashi Vishwanath Temple', 'Varanasi', 25.3109, 83.0107),
  ('gp40', 'g7', 'Sarnath', 'Varanasi', 25.3811, 83.0214),
  ('gp41', 'g7', 'Manikarnika Ghat', 'Varanasi', 25.3108, 83.0145),
  ('gp42', 'g7', 'Ganga Boat Ride', 'Varanasi', 25.3066, 83.0107),
  ('gp43', 'g8', 'Fort Kochi', 'Kochi', 9.9658, 76.2421),
  ('gp44', 'g8', 'Chinese Fishing Nets', 'Kochi', 9.968, 76.2422),
  ('gp45', 'g8', 'Mattancherry Palace', 'Kochi', 9.9576, 76.2596),
  ('gp46', 'g8', 'Jew Town', 'Kochi', 9.9566, 76.2593),
  ('gp47', 'g8', 'Paradesi Synagogue', 'Kochi', 9.957, 76.2597),
  ('gp48', 'g8', 'Marine Drive', 'Kochi', 9.9816, 76.2773),
  ('gp49', 'g9', 'Amber Fort', 'Jaipur', 26.9855, 75.8513),
  ('gp50', 'g9', 'City Palace', 'Jaipur', 26.9258, 75.8237),
  ('gp51', 'g9', 'Albert Hall Museum', 'Jaipur', 26.9117, 75.8195),
  ('gp52', 'g9', 'Jal Mahal', 'Jaipur', 26.9539, 75.8463),
  ('gp53', 'g9', 'Jantar Mantar', 'Jaipur', 26.9248, 75.8246),
  ('gp54', 'g9', 'Panna Meena ka Kund', 'Jaipur', 26.9848, 75.8508),
  ('gp55', 'g10', 'Hawa Mahal', 'Jaipur', 26.9239, 75.8267),
  ('gp56', 'g10', 'Bapu Bazaar', 'Jaipur', 26.9164, 75.8198),
  ('gp57', 'g10', 'Nahargarh Fort', 'Jaipur', 26.9368, 75.8155),
  ('gp58', 'g10', 'Patrika Gate', 'Jaipur', 26.8412, 75.8001),
  ('gp59', 'g10', 'Jal Mahal', 'Jaipur', 26.9539, 75.8463),
  ('gp60', 'g10', 'City Palace', 'Jaipur', 26.9258, 75.8237),
  ('gp61', 'g11', 'Cubbon Park', 'Bengaluru', 12.9763, 77.5929),
  ('gp62', 'g11', 'Lalbagh Botanical Garden', 'Bengaluru', 12.9507, 77.5848),
  ('gp63', 'g11', 'KR Market', 'Bengaluru', 12.9656, 77.5769),
  ('gp64', 'g11', 'Bull Temple', 'Bengaluru', 12.9439, 77.5687),
  ('gp65', 'g11', 'Church Street', 'Bengaluru', 12.9752, 77.6052),
  ('gp66', 'g11', 'Vidhana Soudha', 'Bengaluru', 12.9796, 77.5907),
  ('gp67', 'g12', 'Bangalore Palace', 'Bengaluru', 12.9987, 77.592),
  ('gp68', 'g12', 'Vidhana Soudha', 'Bengaluru', 12.9796, 77.5907),
  ('gp69', 'g12', 'Tipu Sultan''s Summer Palace', 'Bengaluru', 12.9595, 77.5736),
  ('gp70', 'g12', 'KR Market', 'Bengaluru', 12.9656, 77.5769),
  ('gp71', 'g12', 'Bull Temple', 'Bengaluru', 12.9439, 77.5687),
  ('gp72', 'g12', 'Commercial Street', 'Bengaluru', 12.9822, 77.6083),
  ('gp73', 'g13', 'Lalbagh Botanical Garden', 'Bengaluru', 12.9507, 77.5848),
  ('gp74', 'g13', 'Cubbon Park', 'Bengaluru', 12.9763, 77.5929),
  ('gp75', 'g13', 'Church Street', 'Bengaluru', 12.9752, 77.6052),
  ('gp76', 'g13', 'Commercial Street', 'Bengaluru', 12.9822, 77.6083),
  ('gp77', 'g13', 'Bangalore Palace', 'Bengaluru', 12.9987, 77.592),
  ('gp78', 'g13', 'Nandi Hills', 'Bengaluru', 13.3702, 77.6835),
  ('gp79', 'g14', 'Gateway of India', 'Mumbai', 18.922, 72.8347),
  ('gp80', 'g14', 'Chhatrapati Shivaji Maharaj Terminus', 'Mumbai', 18.9402, 72.8356),
  ('gp81', 'g14', 'Kala Ghoda', 'Mumbai', 18.9275, 72.8315),
  ('gp82', 'g14', 'Marine Drive', 'Mumbai', 18.9432, 72.8238),
  ('gp83', 'g14', 'Colaba Causeway', 'Mumbai', 18.9153, 72.8266),
  ('gp84', 'g14', 'Elephanta Caves', 'Mumbai', 18.9633, 72.9315),
  ('gp85', 'g15', 'Marine Drive', 'Mumbai', 18.9432, 72.8238),
  ('gp86', 'g15', 'Gateway of India', 'Mumbai', 18.922, 72.8347),
  ('gp87', 'g15', 'Kala Ghoda', 'Mumbai', 18.9275, 72.8315),
  ('gp88', 'g15', 'Bandra Bandstand', 'Mumbai', 19.0469, 72.8198),
  ('gp89', 'g15', 'Juhu Beach', 'Mumbai', 19.0988, 72.8267),
  ('gp90', 'g15', 'Colaba Causeway', 'Mumbai', 18.9153, 72.8266),
  ('gp91', 'g16', 'Gateway of India', 'Mumbai', 18.922, 72.8347),
  ('gp92', 'g16', 'Elephanta Caves', 'Mumbai', 18.9633, 72.9315),
  ('gp93', 'g16', 'Chhatrapati Shivaji Maharaj Terminus', 'Mumbai', 18.9402, 72.8356),
  ('gp94', 'g16', 'Marine Drive', 'Mumbai', 18.9432, 72.8238),
  ('gp95', 'g16', 'Haji Ali Dargah', 'Mumbai', 18.9827, 72.8089),
  ('gp96', 'g16', 'Sanjay Gandhi National Park', 'Mumbai', 19.2147, 72.9106),
  ('gp97', 'g17', 'Humayun''s Tomb', 'Delhi', 28.5933, 77.2507),
  ('gp98', 'g17', 'Lodhi Garden', 'Delhi', 28.5931, 77.2197),
  ('gp99', 'g17', 'India Gate', 'Delhi', 28.6129, 77.2295),
  ('gp100', 'g17', 'Qutub Minar', 'Delhi', 28.5245, 77.1855),
  ('gp101', 'g17', 'Lotus Temple', 'Delhi', 28.5535, 77.2588),
  ('gp102', 'g17', 'Hauz Khas Village', 'Delhi', 28.5543, 77.1949),
  ('gp103', 'g18', 'Red Fort', 'Delhi', 28.6562, 77.241),
  ('gp104', 'g18', 'Qutub Minar', 'Delhi', 28.5245, 77.1855),
  ('gp105', 'g18', 'Akshardham', 'Delhi', 28.6127, 77.2773),
  ('gp106', 'g18', 'India Gate', 'Delhi', 28.6129, 77.2295),
  ('gp107', 'g18', 'Lotus Temple', 'Delhi', 28.5535, 77.2588),
  ('gp108', 'g18', 'Chandni Chowk', 'Delhi', 28.6506, 77.2303),
  ('gp109', 'g19', 'Red Fort', 'Delhi', 28.6562, 77.241),
  ('gp110', 'g19', 'Chandni Chowk', 'Delhi', 28.6506, 77.2303),
  ('gp111', 'g19', 'Jama Masjid', 'Delhi', 28.6507, 77.2334),
  ('gp112', 'g19', 'India Gate', 'Delhi', 28.6129, 77.2295),
  ('gp113', 'g19', 'Humayun''s Tomb', 'Delhi', 28.5933, 77.2507),
  ('gp114', 'g19', 'Qutub Minar', 'Delhi', 28.5245, 77.1855),
  ('gp115', 'g20', 'Fontainhas', 'Goa', 15.4967, 73.8294),
  ('gp116', 'g20', 'Basilica of Bom Jesus', 'Goa', 15.5009, 73.9116),
  ('gp117', 'g20', 'Fort Aguada', 'Goa', 15.492, 73.7732),
  ('gp118', 'g20', 'Anjuna Beach', 'Goa', 15.5752, 73.7407),
  ('gp119', 'g20', 'Chapora Fort', 'Goa', 15.6044, 73.7367),
  ('gp120', 'g20', 'Reis Magos Fort', 'Goa', 15.5007, 73.8086),
  ('gp121', 'g21', 'Fort Aguada', 'Goa', 15.492, 73.7732),
  ('gp122', 'g21', 'Chapora Fort', 'Goa', 15.6044, 73.7367),
  ('gp123', 'g21', 'Mapusa Market', 'Goa', 15.5915, 73.8081),
  ('gp124', 'g21', 'Fontainhas', 'Goa', 15.4967, 73.8294),
  ('gp125', 'g21', 'Basilica of Bom Jesus', 'Goa', 15.5009, 73.9116),
  ('gp126', 'g21', 'Divar Island', 'Goa', 15.5369, 73.9019),
  ('gp127', 'g22', 'Palolem Beach', 'Goa', 15.0099, 74.0232),
  ('gp128', 'g22', 'Dudhsagar Falls', 'Goa', 15.3144, 74.3143),
  ('gp129', 'g22', 'Basilica of Bom Jesus', 'Goa', 15.5009, 73.9116),
  ('gp130', 'g22', 'Divar Island', 'Goa', 15.5369, 73.9019),
  ('gp131', 'g22', 'Fontainhas', 'Goa', 15.4967, 73.8294),
  ('gp132', 'g22', 'Reis Magos Fort', 'Goa', 15.5007, 73.8086),
  ('gp133', 'g23', 'Dashashwamedh Ghat', 'Varanasi', 25.306, 83.0104),
  ('gp134', 'g23', 'Assi Ghat', 'Varanasi', 25.2887, 83.0061),
  ('gp135', 'g23', 'Kashi Vishwanath Temple', 'Varanasi', 25.3109, 83.0107),
  ('gp136', 'g23', 'Ganga Boat Ride', 'Varanasi', 25.3066, 83.0107),
  ('gp137', 'g23', 'Manikarnika Ghat', 'Varanasi', 25.3108, 83.0145),
  ('gp138', 'g23', 'Godowlia Market', 'Varanasi', 25.3092, 83.0054),
  ('gp139', 'g24', 'Assi Ghat', 'Varanasi', 25.2887, 83.0061),
  ('gp140', 'g24', 'Dashashwamedh Ghat', 'Varanasi', 25.306, 83.0104),
  ('gp141', 'g24', 'Godowlia Market', 'Varanasi', 25.3092, 83.0054),
  ('gp142', 'g24', 'Kashi Vishwanath Temple', 'Varanasi', 25.3109, 83.0107),
  ('gp143', 'g24', 'Banaras Hindu University', 'Varanasi', 25.2677, 82.9913),
  ('gp144', 'g24', 'Tulsi Manas Temple', 'Varanasi', 25.2883, 82.9995),
  ('gp145', 'g25', 'Sarnath', 'Varanasi', 25.3811, 83.0214),
  ('gp146', 'g25', 'Kashi Vishwanath Temple', 'Varanasi', 25.3109, 83.0107),
  ('gp147', 'g25', 'Dashashwamedh Ghat', 'Varanasi', 25.306, 83.0104),
  ('gp148', 'g25', 'Ramnagar Fort', 'Varanasi', 25.2709, 83.0252),
  ('gp149', 'g25', 'Ganga Boat Ride', 'Varanasi', 25.3066, 83.0107),
  ('gp150', 'g25', 'Manikarnika Ghat', 'Varanasi', 25.3108, 83.0145),
  ('gp151', 'g26', 'Fort Kochi', 'Kochi', 9.9658, 76.2421),
  ('gp152', 'g26', 'Chinese Fishing Nets', 'Kochi', 9.968, 76.2422),
  ('gp153', 'g26', 'Mattancherry Palace', 'Kochi', 9.9576, 76.2596),
  ('gp154', 'g26', 'Jew Town', 'Kochi', 9.9566, 76.2593),
  ('gp155', 'g26', 'Paradesi Synagogue', 'Kochi', 9.957, 76.2597),
  ('gp156', 'g26', 'Bolgatty Palace', 'Kochi', 9.9841, 76.2678),
  ('gp157', 'g27', 'Mattancherry Palace', 'Kochi', 9.9576, 76.2596),
  ('gp158', 'g27', 'Jew Town', 'Kochi', 9.9566, 76.2593),
  ('gp159', 'g27', 'Paradesi Synagogue', 'Kochi', 9.957, 76.2597),
  ('gp160', 'g27', 'Fort Kochi', 'Kochi', 9.9658, 76.2421),
  ('gp161', 'g27', 'Kerala Folklore Museum', 'Kochi', 9.9344, 76.2996),
  ('gp162', 'g27', 'Chinese Fishing Nets', 'Kochi', 9.968, 76.2422),
  ('gp163', 'g28', 'Fort Kochi', 'Kochi', 9.9658, 76.2421),
  ('gp164', 'g28', 'Chinese Fishing Nets', 'Kochi', 9.968, 76.2422),
  ('gp165', 'g28', 'Cherai Beach', 'Kochi', 10.141, 76.178),
  ('gp166', 'g28', 'Kumbalangi Village', 'Kochi', 9.8791, 76.2757),
  ('gp167', 'g28', 'Marine Drive', 'Kochi', 9.9816, 76.2773),
  ('gp168', 'g28', 'Bolgatty Palace', 'Kochi', 9.9841, 76.2678);

INSERT INTO city_top_places (id, city, rank, name, description, image_url) VALUES
  ('tp_jaipur_1', 'Jaipur', 1, 'Amber Fort', 'A hilltop Rajput fort with mirrored halls, ramparts, and sweeping views over Maota Lake.', 'https://upload.wikimedia.org/wikipedia/commons/thumb/f/fb/20191219_Fort_Amber%2C_Amer%2C_Jaipur_0955_9481.jpg/960px-20191219_Fort_Amber%2C_Amer%2C_Jaipur_0955_9481.jpg'),
  ('tp_jaipur_2', 'Jaipur', 2, 'Hawa Mahal', 'The iconic pink sandstone facade built for royal women to watch the city without being seen.', 'https://upload.wikimedia.org/wikipedia/commons/thumb/4/41/East_facade_Hawa_Mahal_Jaipur_from_ground_level_%28July_2022%29_-_img_01.jpg/960px-East_facade_Hawa_Mahal_Jaipur_from_ground_level_%28July_2022%29_-_img_01.jpg'),
  ('tp_jaipur_3', 'Jaipur', 3, 'City Palace', 'A graceful palace complex of courtyards, museums, textiles, and royal Jaipur architecture.', 'https://upload.wikimedia.org/wikipedia/commons/thumb/a/a4/Chandra_Mahal%2C_City_Palace%2C_Jaipur%2C_20191218_0951_9043.jpg/960px-Chandra_Mahal%2C_City_Palace%2C_Jaipur%2C_20191218_0951_9043.jpg'),
  ('tp_jaipur_4', 'Jaipur', 4, 'Jantar Mantar', 'An open-air astronomical observatory where giant stone instruments still track the sky.', 'https://upload.wikimedia.org/wikipedia/commons/thumb/3/3f/Jantar_Mantar_at_Jaipur.jpg/960px-Jantar_Mantar_at_Jaipur.jpg'),
  ('tp_jaipur_5', 'Jaipur', 5, 'Nahargarh Fort', 'A ridge-top sunset spot with old ramparts and one of the best wide-angle views of Jaipur.', 'https://upload.wikimedia.org/wikipedia/commons/thumb/4/47/Nahargarh_13.jpg/960px-Nahargarh_13.jpg'),
  ('tp_jaipur_6', 'Jaipur', 6, 'Patrika Gate', 'A vividly painted gateway that turns Rajasthani craft motifs into a walk-through gallery.', 'https://upload.wikimedia.org/wikipedia/commons/thumb/1/15/Patrika_Gate%2C_Jawahar_Circle%2C_Jaipur.jpg/960px-Patrika_Gate%2C_Jawahar_Circle%2C_Jaipur.jpg'),
  ('tp_jaipur_7', 'Jaipur', 7, 'Albert Hall Museum', 'A Indo-Saracenic museum with sculpture, miniature paintings, carpets, and evening lights.', 'https://upload.wikimedia.org/wikipedia/commons/thumb/1/18/Albert_Hall_%28_Jaipur_%29.jpg/960px-Albert_Hall_%28_Jaipur_%29.jpg'),
  ('tp_jaipur_8', 'Jaipur', 8, 'Jal Mahal', 'A dreamy water palace best seen from the lakeside promenade at sunrise or blue hour.', 'https://upload.wikimedia.org/wikipedia/commons/thumb/f/ff/Jaipur_03-2016_39_Jal_Mahal_-_Water_Palace.jpg/960px-Jaipur_03-2016_39_Jal_Mahal_-_Water_Palace.jpg'),
  ('tp_jaipur_9', 'Jaipur', 9, 'Bapu Bazaar', 'A lively shopping stretch for juttis, textiles, bangles, and bargaining practice.', 'https://upload.wikimedia.org/wikipedia/commons/thumb/8/86/Jaipur_market.jpg/960px-Jaipur_market.jpg'),
  ('tp_jaipur_10', 'Jaipur', 10, 'Panna Meena ka Kund', 'A geometric stepwell near Amer that is quietest in the early morning.', 'https://upload.wikimedia.org/wikipedia/commons/thumb/b/b1/20191219_Panna_Meena_ka_Kund_step_well%2C_Amber%2C_Jaipur%2C_1130_9630.jpg/960px-20191219_Panna_Meena_ka_Kund_step_well%2C_Amber%2C_Jaipur%2C_1130_9630.jpg'),
  ('tp_bengaluru_1', 'Bengaluru', 1, 'Cubbon Park', 'A green breathing space in the city center with walking paths, red buildings, and old trees.', 'https://upload.wikimedia.org/wikipedia/commons/thumb/d/d5/Entrance_to_Cubbon_Park_%28Sri_Chamarajendra_Park%29.jpg/960px-Entrance_to_Cubbon_Park_%28Sri_Chamarajendra_Park%29.jpg'),
  ('tp_bengaluru_2', 'Bengaluru', 2, 'Lalbagh Botanical Garden', 'A historic garden known for its glasshouse, rare trees, and peaceful morning walks.', 'https://upload.wikimedia.org/wikipedia/commons/thumb/b/b4/Indian_Independence_day_celebration_216th_flower_show_2024%2C_Lalbagh%2C_Bangalore_129.jpg/960px-Indian_Independence_day_celebration_216th_flower_show_2024%2C_Lalbagh%2C_Bangalore_129.jpg'),
  ('tp_bengaluru_3', 'Bengaluru', 3, 'Bangalore Palace', 'A Tudor-style palace with carved interiors and a nostalgic royal-city feel.', 'https://upload.wikimedia.org/wikipedia/commons/thumb/e/ec/Bangalore_Palace_facade_on_a_cloudy_day.jpg/960px-Bangalore_Palace_facade_on_a_cloudy_day.jpg'),
  ('tp_bengaluru_4', 'Bengaluru', 4, 'Vidhana Soudha', 'A monumental granite government building that is especially striking when lit at night.', 'https://upload.wikimedia.org/wikipedia/commons/thumb/e/e4/Vidhana_Soudha%2C_front_%2801%29.jpg/960px-Vidhana_Soudha%2C_front_%2801%29.jpg'),
  ('tp_bengaluru_5', 'Bengaluru', 5, 'Tipu Sultan''s Summer Palace', 'A teakwood palace with arches, balconies, and stories from old Mysore.', 'https://upload.wikimedia.org/wikipedia/commons/thumb/e/e8/Tipu_Sultan%27s_Summer_Palace%2C_Bangalore.JPG/960px-Tipu_Sultan%27s_Summer_Palace%2C_Bangalore.JPG'),
  ('tp_bengaluru_6', 'Bengaluru', 6, 'KR Market', 'A sensory overload of flowers, produce, color, and old-market energy before sunrise.', 'https://upload.wikimedia.org/wikipedia/commons/thumb/9/9d/KR_Market_Workers.jpg/960px-KR_Market_Workers.jpg'),
  ('tp_bengaluru_7', 'Bengaluru', 7, 'Bull Temple', 'A calm Basavanagudi shrine built around a massive granite Nandi statue.', 'https://upload.wikimedia.org/wikipedia/commons/thumb/5/59/Sri_Big_Bull_Temple_%28Bengaluru%29_01.jpg/960px-Sri_Big_Bull_Temple_%28Bengaluru%29_01.jpg'),
  ('tp_bengaluru_8', 'Bengaluru', 8, 'Commercial Street', 'A compact shopping district for clothes, shoes, accessories, and quick street snacks.', 'https://upload.wikimedia.org/wikipedia/commons/thumb/3/3c/Commercial_Street_Bangalore.jpg/960px-Commercial_Street_Bangalore.jpg'),
  ('tp_bengaluru_9', 'Bengaluru', 9, 'Nandi Hills', 'A classic sunrise escape outside the city with mist, viewpoints, and winding roads.', 'https://upload.wikimedia.org/wikipedia/commons/thumb/8/8b/Nandi_Hills%2C_Bengaluru.jpg/960px-Nandi_Hills%2C_Bengaluru.jpg'),
  ('tp_bengaluru_10', 'Bengaluru', 10, 'Church Street', 'A walkable strip of cafes, bookstores, murals, and evening city buzz.', 'https://upload.wikimedia.org/wikipedia/commons/thumb/e/e9/Church_Street_name_board.jpg/960px-Church_Street_name_board.jpg'),
  ('tp_mumbai_1', 'Mumbai', 1, 'Gateway of India', 'Mumbai''s grand harbor landmark and the classic starting point for a south-city walk.', 'https://upload.wikimedia.org/wikipedia/commons/thumb/3/3a/Mumbai_03-2016_30_Gateway_of_India.jpg/960px-Mumbai_03-2016_30_Gateway_of_India.jpg'),
  ('tp_mumbai_2', 'Mumbai', 2, 'Marine Drive', 'A sweeping seaside promenade where the city slows down at sunset.', 'https://upload.wikimedia.org/wikipedia/commons/thumb/7/74/Mumbai_03-2016_27_skyline_at_Marine_Drive.jpg/960px-Mumbai_03-2016_27_skyline_at_Marine_Drive.jpg'),
  ('tp_mumbai_3', 'Mumbai', 3, 'Chhatrapati Shivaji Maharaj Terminus', 'A UNESCO-listed railway station with Gothic detail and constant Mumbai motion.', 'https://upload.wikimedia.org/wikipedia/commons/thumb/4/4d/Chhatrapati_shivaji_terminus%2C_esterno_01.jpg/960px-Chhatrapati_shivaji_terminus%2C_esterno_01.jpg'),
  ('tp_mumbai_4', 'Mumbai', 4, 'Elephanta Caves', 'A ferry ride to ancient rock-cut caves dedicated to Shiva.', 'https://upload.wikimedia.org/wikipedia/commons/thumb/d/d9/Elephanta_Caves_Trimurti.jpg/960px-Elephanta_Caves_Trimurti.jpg'),
  ('tp_mumbai_5', 'Mumbai', 5, 'Bandra Bandstand', 'A breezy sea-facing stretch with street food, skyline views, and old Bandra charm.', 'https://upload.wikimedia.org/wikipedia/commons/thumb/8/82/Bandra_Bandstand.jpg/960px-Bandra_Bandstand.jpg'),
  ('tp_mumbai_6', 'Mumbai', 6, 'Colaba Causeway', 'A lively shopping lane for jewelry, clothes, antiques, and cafe breaks.', 'https://upload.wikimedia.org/wikipedia/commons/thumb/7/72/Colaba_Causeway_-_panoramio_%282%29.jpg/960px-Colaba_Causeway_-_panoramio_%282%29.jpg'),
  ('tp_mumbai_7', 'Mumbai', 7, 'Haji Ali Dargah', 'A sea-linked shrine reached by a narrow causeway at low tide.', 'https://upload.wikimedia.org/wikipedia/commons/thumb/c/ca/Mumbai_03-2016_12_Haji_Ali_Dargah.jpg/960px-Mumbai_03-2016_12_Haji_Ali_Dargah.jpg'),
  ('tp_mumbai_8', 'Mumbai', 8, 'Sanjay Gandhi National Park', 'A rare urban national park with forest trails, caves, and monsoon greens.', 'https://upload.wikimedia.org/wikipedia/commons/thumb/c/c9/Sanjay_Gandhi_National_Park.JPG/960px-Sanjay_Gandhi_National_Park.JPG'),
  ('tp_mumbai_9', 'Mumbai', 9, 'Juhu Beach', 'A casual beach stop for sunset, chaat, and people-watching.', 'https://upload.wikimedia.org/wikipedia/commons/thumb/b/bf/Juhu_beach_%28Arial%29.jpg/960px-Juhu_beach_%28Arial%29.jpg'),
  ('tp_mumbai_10', 'Mumbai', 10, 'Kala Ghoda', 'An art district with galleries, museums, cafes, and heritage facades.', 'https://upload.wikimedia.org/wikipedia/commons/thumb/c/c3/Kala_Ghoda_Statue.jpg/960px-Kala_Ghoda_Statue.jpg'),
  ('tp_delhi_1', 'Delhi', 1, 'Red Fort', 'A grand Mughal fort of red sandstone that anchors Old Delhi''s historic core.', 'https://upload.wikimedia.org/wikipedia/commons/thumb/2/2a/Delhi_fort.jpg/3840px-Delhi_fort.jpg'),
  ('tp_delhi_2', 'Delhi', 2, 'Qutub Minar', 'A soaring minaret surrounded by ruins, arches, and centuries of Delhi history.', 'https://upload.wikimedia.org/wikipedia/commons/thumb/3/3c/Qutb_Minar_2022.jpg/3840px-Qutb_Minar_2022.jpg'),
  ('tp_delhi_3', 'Delhi', 3, 'Humayun''s Tomb', 'A serene garden tomb that helped inspire the architectural language of the Taj Mahal.', 'https://upload.wikimedia.org/wikipedia/commons/thumb/d/d2/Tomb_of_Humayun%2C_Delhi.jpg/3840px-Tomb_of_Humayun%2C_Delhi.jpg'),
  ('tp_delhi_4', 'Delhi', 4, 'India Gate', 'A central ceremonial landmark best experienced in the evening glow.', 'https://upload.wikimedia.org/wikipedia/commons/7/75/India_Gate_%28All_India_War_Memorial%29.jpg'),
  ('tp_delhi_5', 'Delhi', 5, 'Lotus Temple', 'A white marble house of worship known for its petal-like form and quiet interior.', 'https://upload.wikimedia.org/wikipedia/commons/f/fc/LotusDelhi.jpg'),
  ('tp_delhi_6', 'Delhi', 6, 'Chandni Chowk', 'A dense Old Delhi market of parathas, lanes, spice shops, and layered history.', 'https://upload.wikimedia.org/wikipedia/commons/thumb/a/a9/Gurudwara_Sisganj_Sahib_Chandni_Chowk_19.jpg/3840px-Gurudwara_Sisganj_Sahib_Chandni_Chowk_19.jpg'),
  ('tp_delhi_7', 'Delhi', 7, 'Jama Masjid', 'One of India''s largest mosques, with minarets and views over Old Delhi.', 'https://upload.wikimedia.org/wikipedia/commons/thumb/7/77/Jama_Masjid%2C_Delhi.jpg/960px-Jama_Masjid%2C_Delhi.jpg'),
  ('tp_delhi_8', 'Delhi', 8, 'Lodhi Garden', 'A leafy park where tombs, joggers, and picnic blankets share the morning.', 'https://upload.wikimedia.org/wikipedia/commons/thumb/5/53/Lodhi_Garden_-_Delhi.png/960px-Lodhi_Garden_-_Delhi.png'),
  ('tp_delhi_9', 'Delhi', 9, 'Akshardham', 'A vast temple complex known for carved stone, gardens, and evening shows.', 'https://upload.wikimedia.org/wikipedia/commons/b/bd/Akshardham_Delhi.jpg'),
  ('tp_delhi_10', 'Delhi', 10, 'Hauz Khas Village', 'A mix of medieval ruins, a lake, boutiques, and cafe culture.', 'https://upload.wikimedia.org/wikipedia/commons/thumb/6/6a/Hauz_Khas_village.jpg/960px-Hauz_Khas_village.jpg'),
  ('tp_goa_1', 'Goa', 1, 'Fontainhas', 'A colorful Latin Quarter of narrow lanes, old homes, galleries, and quiet cafes.', 'https://upload.wikimedia.org/wikipedia/commons/thumb/d/db/Road_along_Vasco-da-gama_residence_in_Fontainhas%2C_Panaji.jpg/960px-Road_along_Vasco-da-gama_residence_in_Fontainhas%2C_Panaji.jpg'),
  ('tp_goa_2', 'Goa', 2, 'Basilica of Bom Jesus', 'A UNESCO-listed church in Old Goa with baroque detail and deep colonial history.', 'https://upload.wikimedia.org/wikipedia/commons/thumb/d/de/Side_Elevation_of_Basilica_of_Bom_Jesus.jpg/960px-Side_Elevation_of_Basilica_of_Bom_Jesus.jpg'),
  ('tp_goa_3', 'Goa', 3, 'Fort Aguada', 'A sea-facing Portuguese fort with lighthouse views over the Arabian Sea.', 'https://upload.wikimedia.org/wikipedia/commons/thumb/9/95/Fort_Aguada_Remote_view_25012016.jpg/960px-Fort_Aguada_Remote_view_25012016.jpg'),
  ('tp_goa_4', 'Goa', 4, 'Dudhsagar Falls', 'A dramatic waterfall that roars through forested hills after the monsoon.', 'https://upload.wikimedia.org/wikipedia/commons/thumb/f/f6/Dudhsagar_falls_Entry_gate_Goa.jpg/960px-Dudhsagar_falls_Entry_gate_Goa.jpg'),
  ('tp_goa_5', 'Goa', 5, 'Anjuna Beach', 'A relaxed beach known for sunsets, flea markets, and old Goa energy.', 'https://upload.wikimedia.org/wikipedia/commons/thumb/c/cf/Anjuna_Beach%2C_Goa%2C_India%2C_Legendary_Curlies_beach_shack.jpg/960px-Anjuna_Beach%2C_Goa%2C_India%2C_Legendary_Curlies_beach_shack.jpg'),
  ('tp_goa_6', 'Goa', 6, 'Chapora Fort', 'A breezy hilltop fort overlooking Vagator and the Chapora River.', 'https://upload.wikimedia.org/wikipedia/commons/thumb/3/35/Fort_Chapora_26012016.jpg/960px-Fort_Chapora_26012016.jpg'),
  ('tp_goa_7', 'Goa', 7, 'Palolem Beach', 'A crescent beach in South Goa with calmer water and sunset kayak rides.', 'https://upload.wikimedia.org/wikipedia/commons/e/ed/Palolem_beach.jpg'),
  ('tp_goa_8', 'Goa', 8, 'Reis Magos Fort', 'A restored fort with river views, exhibitions, and fewer crowds.', 'https://upload.wikimedia.org/wikipedia/commons/thumb/f/f5/Entrance_to_Reis_Magos_Fort.jpg/960px-Entrance_to_Reis_Magos_Fort.jpg'),
  ('tp_goa_9', 'Goa', 9, 'Mapusa Market', 'A local market for spices, sausages, produce, sweets, and Goan everyday life.', 'https://upload.wikimedia.org/wikipedia/commons/b/bb/Mapusa_Market.jpg'),
  ('tp_goa_10', 'Goa', 10, 'Divar Island', 'A quiet ferry-hop island of churches, paddy fields, and slow village roads.', 'https://upload.wikimedia.org/wikipedia/commons/2/2b/Divar_caves.jpg'),
  ('tp_varanasi_1', 'Varanasi', 1, 'Dashashwamedh Ghat', 'The city''s most theatrical ghat, best known for the evening Ganga Aarti.', 'https://upload.wikimedia.org/wikipedia/commons/thumb/a/ad/Dasaswamedh_ghat-varanasi_india-andres_larin.jpg/960px-Dasaswamedh_ghat-varanasi_india-andres_larin.jpg'),
  ('tp_varanasi_2', 'Varanasi', 2, 'Assi Ghat', 'A calmer southern ghat for sunrise, music, yoga, and long riverside walks.', 'https://upload.wikimedia.org/wikipedia/commons/thumb/c/c2/Assi_Ghat_Varanasi_morning_Aarti.jpg/960px-Assi_Ghat_Varanasi_morning_Aarti.jpg'),
  ('tp_varanasi_3', 'Varanasi', 3, 'Kashi Vishwanath Temple', 'One of India''s most sacred Shiva temples in the heart of the old city.', 'https://upload.wikimedia.org/wikipedia/commons/thumb/f/ff/Kashi_Vishwanath.jpg/960px-Kashi_Vishwanath.jpg'),
  ('tp_varanasi_4', 'Varanasi', 4, 'Sarnath', 'A peaceful Buddhist site where the Buddha is said to have given his first sermon.', 'https://upload.wikimedia.org/wikipedia/commons/thumb/d/d9/Ancient_Buddhist_monasteries_near_Dhamekh_Stupa_Monument_Site%2C_Sarnath.jpg/960px-Ancient_Buddhist_monasteries_near_Dhamekh_Stupa_Monument_Site%2C_Sarnath.jpg'),
  ('tp_varanasi_5', 'Varanasi', 5, 'Manikarnika Ghat', 'A powerful cremation ghat that reveals the city''s intimate relationship with mortality.', 'https://upload.wikimedia.org/wikipedia/commons/thumb/9/95/Manikarnika_Ghat%2C_Varanasi%2C_Uttar_Pradesh%2C_India_%282011%29_5.jpg/960px-Manikarnika_Ghat%2C_Varanasi%2C_Uttar_Pradesh%2C_India_%282011%29_5.jpg'),
  ('tp_varanasi_6', 'Varanasi', 6, 'Ramnagar Fort', 'A riverside fort with old-world courtyards and views back toward Varanasi.', 'https://upload.wikimedia.org/wikipedia/commons/thumb/8/89/Entrance_area_of_Ramnagar_Fort.jpg/960px-Entrance_area_of_Ramnagar_Fort.jpg'),
  ('tp_varanasi_7', 'Varanasi', 7, 'Banaras Hindu University', 'A leafy campus with museums, temples, and a quieter side of the city.', 'https://upload.wikimedia.org/wikipedia/commons/thumb/b/b7/New_Vishwanath_Temple%2C_Banaras_Hindu_University%2C_Varanasi%2C_Uttar_Pradesh%2C_India_%282018%29.jpg/960px-New_Vishwanath_Temple%2C_Banaras_Hindu_University%2C_Varanasi%2C_Uttar_Pradesh%2C_India_%282018%29.jpg'),
  ('tp_varanasi_8', 'Varanasi', 8, 'Tulsi Manas Temple', 'A marble temple tied to the Ramcharitmanas and devotional storytelling.', 'https://upload.wikimedia.org/wikipedia/commons/thumb/0/0d/Manas_Mandir.jpg/960px-Manas_Mandir.jpg'),
  ('tp_varanasi_9', 'Varanasi', 9, 'Godowlia Market', 'A crowded old-market zone for sweets, silk, flowers, and street snacks.', 'https://upload.wikimedia.org/wikipedia/commons/thumb/a/a8/Godowlia%2C_Varanasi%2C_Uttar_Pradesh_221001%2C_India_-_panoramio.jpg/960px-Godowlia%2C_Varanasi%2C_Uttar_Pradesh_221001%2C_India_-_panoramio.jpg'),
  ('tp_varanasi_10', 'Varanasi', 10, 'Ganga Boat Ride', 'A sunrise boat ride that strings together ghats, rituals, birds, and morning light.', 'https://upload.wikimedia.org/wikipedia/commons/thumb/b/b9/Varanasiganga.jpg/960px-Varanasiganga.jpg'),
  ('tp_kochi_1', 'Kochi', 1, 'Fort Kochi', 'A walkable heritage quarter of colonial streets, cafes, galleries, and sea breeze.', 'https://upload.wikimedia.org/wikipedia/commons/thumb/6/6e/Kochi%2C_Fishing_nets_at_sunset%2C_Kerala%2C_India.jpg/3840px-Kochi%2C_Fishing_nets_at_sunset%2C_Kerala%2C_India.jpg'),
  ('tp_kochi_2', 'Kochi', 2, 'Chinese Fishing Nets', 'Cantilevered fishing nets that define the Fort Kochi waterfront at sunset.', 'https://upload.wikimedia.org/wikipedia/commons/thumb/1/19/Chinese_Fishing_Net_Raising_Birds_Sunrise_Ashtamudi_Kollam_Mar22_A7C_01784.jpg/3840px-Chinese_Fishing_Net_Raising_Birds_Sunrise_Ashtamudi_Kollam_Mar22_A7C_01784.jpg'),
  ('tp_kochi_3', 'Kochi', 3, 'Mattancherry Palace', 'A compact palace museum with Kerala murals and layered royal history.', 'https://upload.wikimedia.org/wikipedia/commons/thumb/1/12/Mattancherry_Palace_DSC_0899.JPG/3840px-Mattancherry_Palace_DSC_0899.JPG'),
  ('tp_kochi_4', 'Kochi', 4, 'Jew Town', 'A charming lane of antique stores, spice shops, and synagogue history.', 'https://upload.wikimedia.org/wikipedia/commons/thumb/7/7a/Kochi%2C_Jew_Town%2C_India.jpg/960px-Kochi%2C_Jew_Town%2C_India.jpg'),
  ('tp_kochi_5', 'Kochi', 5, 'Paradesi Synagogue', 'A historic synagogue known for blue tiles, chandeliers, and quiet courtyards.', 'https://upload.wikimedia.org/wikipedia/commons/b/bb/Jewish_synagouge_kochi_india.jpg'),
  ('tp_kochi_6', 'Kochi', 6, 'Marine Drive', 'A waterside promenade for ferry views, evening walks, and city lights.', 'https://upload.wikimedia.org/wikipedia/commons/1/1d/Musical-walkway.jpg'),
  ('tp_kochi_7', 'Kochi', 7, 'Kerala Folklore Museum', 'A richly packed museum of masks, carvings, costumes, and performance traditions.', 'https://upload.wikimedia.org/wikipedia/commons/thumb/7/7a/2025_-_Kerala_Folklore_Museum_-_13.jpg/960px-2025_-_Kerala_Folklore_Museum_-_13.jpg'),
  ('tp_kochi_8', 'Kochi', 8, 'Cherai Beach', 'A relaxed beach north of the city where backwaters meet the sea.', 'https://upload.wikimedia.org/wikipedia/commons/thumb/1/13/Sunrise_at_Cherai_Beach.jpg/960px-Sunrise_at_Cherai_Beach.jpg'),
  ('tp_kochi_9', 'Kochi', 9, 'Bolgatty Palace', 'A former Dutch palace on an island with lawns and backwater views.', 'https://upload.wikimedia.org/wikipedia/commons/thumb/9/97/Bolgatty_Palace_Hotel_by_Augustus.jpg/960px-Bolgatty_Palace_Hotel_by_Augustus.jpg'),
  ('tp_kochi_10', 'Kochi', 10, 'Kumbalangi Village', 'A slow village experience of backwaters, fish farms, and local life.', 'https://upload.wikimedia.org/wikipedia/commons/thumb/a/a8/Kumbalangi.JPG/960px-Kumbalangi.JPG');
